{"cameraMode":{"drawMode":0,"name":"Shaded","section":"Shading Mode"},"sceneLighting":true,"audioPlay":false,"sceneViewState":{"showFog":true,"showMaterialUpdate":false,"showSkybox":true,"showFlares":true,"showImageEffects":true,"showParticleSystems":true},"in2DMode":false,"pivot":{"x":6.336538791656494,"y":5.963506698608398,"z":5.127634525299072},"rotation":{"x":0.06025923416018486,"y":0.021554863080382348,"z":-0.0013013995485380293,"w":0.9979546070098877},"size":19.15056800842285,"orthographic":false}