{"cameraMode":{"drawMode":0,"name":"Shaded","section":"Shading Mode"},"sceneLighting":false,"audioPlay":false,"sceneViewState":{"showFog":true,"showMaterialUpdate":false,"showSkybox":true,"showFlares":true,"showImageEffects":true,"showParticleSystems":true},"in2DMode":false,"pivot":{"x":-0.38288307189941409,"y":0.18297617137432099,"z":0.028881974518299104},"rotation":{"x":0.007773084565997124,"y":0.09644303470849991,"z":-0.0007538835052400827,"w":0.9953129887580872},"size":2.8578836917877199,"orthographic":false}